{"aforos": [{"valor_nominal": 2, "promedio_volumen_ul": 2.008464680167596, "error_medida_ul": 0.01, "mediciones_volumen_ul": [1.9905149483911713, 1.9875066134565755, 2.0236066326717306, 1.995528839948832, 2.0747483265598663, 1.9463927026837602, 2.0336344157870507, 2.0416566422793077, 2.0436621989023713, 1.947395480995292], "error_medida_porcentaje": 0.05, "incertidumbre_expandida": 244.74092246651162, "emt": 0.2}, {"valor_nominal": 10, "promedio_volumen_ul": 10.017637697079234, "error_medida_ul": 0.02, "mediciones_volumen_ul": [9.947543614553298, 9.958574156867824, 10.037793506217593, 10.046818495384022, 9.984646347793065, 10.08692955834593, 10.065871250290927, 10.00470187927402, 10.000690772977828, 10.042807389087832], "error_medida_porcentaje": 0.1, "incertidumbre_expandida": 244.740498670464, "emt": 0.2}, {"valor_nominal": 20, "promedio_volumen_ul": 19.972013397859975, "error_medida_ul": -0.03, "mediciones_volumen_ul": [20.096557705379972, 20.056446817289793, 19.915055936771928, 19.880961681895275, 19.907033759153897, 19.915055936771928, 19.961183458075627, 19.960180685873375, 20.01834147360413, 20.009316523783838], "error_medida_porcentaje": 0.15, "incertidumbre_expandida": 244.7394340819334, "emt": 0.2}], "textos_reporte": {"introduccion": "Los resultados que a continuaci\u00f3n se emiten, corresponden al servicio de PIPETA DE PIST\u00d3N tipo ANALOGICO, marca: GILSON, modelo: PIPETMAN, n\u00famero de serie: B-84-19726, identificaci\u00f3n: S / ID, con intervalo de medida de 2 a 20 \u00b5L, calibrado para entregar.", "introduccion_certificado": "Los resultados que a continuaci\u00f3n se emiten, corresponden al calibraci\u00f3n de PIPETA DE PIST\u00d3N tipo ANALOGICO, marca: GILSON, modelo: PIPETMAN, n\u00famero de serie: B-84-19726, identificaci\u00f3n: S / ID, con intervalo de medida de 2 a 20 \u00b5L, calibrado para entregar.", "observaciones": "Los resultados obtenidos antes de la calibraci\u00f3n del instrumento para 2 \u00b5L, 10 \u00b5L, 20 \u00b5L fueron respectivamente 2.01 \u00b5L, 9.99 \u00b5L, 19.95 \u00b5L.", "especificacion_principal": "Balanza Anal\u00edtica, marca: Precisa; modelo: IBK3400D; serie: 5901948; Id.: CAL-VOL-004; alcance: 34 1000 g; divisi\u00f3n m\u00ednima: 0. 1 g, con Certificado de Calibraci\u00f3n: CCN1199.M/2021 emitido por 'Insco de M\u00e9xico', S.A. de C.V. vigente hasta: Septiembre 2023.", "especificacion_ta": "Term\u00f3metro digital, marca: UNI-T; modelo: UT325; serie: C191109594; Id.: CAL-VOL-005, con Certificado de Calibraci\u00f3n: CAT-1701-25 emitido por CALTEST, S.A. de C.V. Vigente hasta: Junio 2026.", "especificacion_ca": "Termohigr\u00f3metro-Barom\u00e9tro, marca: EXTECH INSTRUMENTS; modelo: SD700; serie: A.122428; Id.: CAL-VOL-051, con Certificados de calibraci\u00f3n: CAT-1687-25, CAH-1063-25, CAP-0875-25, emitidos por: CALTEST LABORATORIO S.A. de C.V. Vigente hasta: Junio 2026.", "lugar_servicio": "Laboratorio de Volumen de CALBREX TECHNOLOGIES, S.A. DE C.V.", "trazabilidad_nacional": "Patr\u00f3n Nacional de Masa \"Prototipo No. 21\", mantenido por el CENAM", "procedimiento_utilizado": "CAL-PROT-01 \"Calibraci\u00f3n de instrumentos volum\u00e9tricos por el M\u00e9todo Gravim\u00e9trico\"", "mantenimientos": [], "entradas_generales": {"nombre_cliente": "Facultad de Qu\u00edmica - UNAM", "fecha_recepcion": "2025-09-24", "fecha_calibracion": "2025-09-26", "numero_servicio": "0046/2025/VOL", "numero_certificado": "CAL-0216-2025/VOL", "descripcion_instrumento": "PIPETA DE PIST\u00d3N", "marca_instrumento": "GILSON", "modelo_instrumento": "PIPETMAN", "serie_instrumento": "B-84-19726", "id_instrumento": "S / ID", "vol_nominal": 20, "unidades": "\u00b5L", "material": "PP", "clase_instrumento": "N.A.", "tipo_instrumento": "ANALOGICO", "tipo_volumen": "VARIABLE", "tipo_calibracion": "TD", "ajuste_realizado": "N", "direccion_cliente_reporte": "Cto. Escolar S/N, C.U., Coyoac\u00e1n", "correo_cliente_reporte": "contacto@quimica.unam.mx", "telefono_cliente_reporte": "5622-3696", "contacto_reporte_directo": "Dr. J. de Jes\u00fas Garc\u00eda", "intervalo_min_reporte": "2", "intervalo_max_reporte": "20", "observaciones": "Se realiz\u00f3 limpieza y lubricaci\u00f3n del instrumento.", "cotizacion": "COT-00500-01", "div_min_valor": 0.02, "div_min_unidad": "\u00b5L", "tolerancia": "N.A.", "cuello_instrumento": "N.A.", "t_descarga": "N.A.", "puntas_valor": "20", "puntas_unidad": "\u00b5L", "limpieza": "OK", "patron_seleccionado": "CAL-VO-004", "auxiliar_ta": "CAL-VO-005", "auxiliar_ca": "CAL-VO-051", "realizo_calibracion": "AA", "autorizo_calibracion": "A", "debug_mode": false, "mantenimientos": [], "condiciones_iniciales": {"promedio1": 2.01, "promedio2": 9.99, "promedio3": 19.95}, "firma_calibra": {"nombre": "Biol. Arturo Aramiz L\u00f3pez de la Piedra", "cargo": "Gerente de Laboratorio de Volumen"}, "firma_autoriza": {"nombre": "Ing. Alain Vazquez Cid", "cargo": "Director General"}, "fecha_emision": "2025-09-28"}, "notas_certificado": ["Los resultados se obtuvieron del promedio de 10 mediciones aplicando todas las correcciones correspondientes a la medici\u00f3n. Las incertidumbres de medida declaradas en este informe son expresadas para un factor de cobertura k=2 y un nivel de confianza de al menos del 95% siendo evaluadas en base a la: Gu\u00eda para la Expresi\u00f3n de la Incertidumbre en las Mediciones, NMX-CH-140-IMNC-2002.", "El siguiente informe solo ampara las mediciones reportadas en el momento, condiciones ambientales y de uso en que se realiz\u00f3 esta calibraci\u00f3n.", "Se utiliza como documento de referencia la \"Gu\u00eda t\u00e9cnica sobre trazabilidad metrol\u00f3gica e incertidumbre de medida en los servicios de calibraci\u00f3n de recipientes volum\u00e9tricos por el m\u00e9todo gravim\u00e9trico\".-Junio 2016-", "La incertidumbre esta expresada a dos cifras significativas de acuerdo a la Pol\u00edtica de Incertidumbre de la EMA, a.c.; las cifras de las magnitudes de entrada y del mensurando son consistentes con su incertidumbre.", "Es responsabilidad del usuario revisar y verificar el certificado. Si antes de 5 d\u00edas no existen comentarios de su parte, se entender\u00e1 que los datos son correctos.", "El tiempo de validez de los resultados contenidos en el certificado es establecido por el usuario con base a su programa de calibraci\u00f3n ya que depende, tanto de las caracter\u00edsticas del instrumento calibrado como de las pr\u00e1cticas para su manejo y uso.", "Este documento es valido solo en su forma original (impreso o electronico) con las correspondientes firmas. No se debe reproducir este certificado de calibraci\u00f3n, excepto en su totalidad."], "unidades": "\u00b5L"}, "condiciones_finales": {"temp_liquido": 19.21834586, "temp_ambiente": 19.248996666666667, "presion": 783.6389052472332, "humedad": 51.97842049999999}}